{
  "1": {
    "name": "Bougainvillea",
    "air_temp_low": "15",
    "air_temp_high": "27",
    "air_humidity_low": "40",
    "air_humidity_high": "60",
    "soil_humidity": "Allow the top 1 to 2 inches of soil to dry out before watering.<br />Water deeply but infrequently.",
    "img": "plant_img/1.jpg"
  },
  "2": {
    "name": "Lily of the Nile",
    "air_temp_low": "18",
    "air_temp_high": "24",
    "air_humidity_low": "40",
    "air_humidity_high": "70",
    "soil_humidity": "Water the plant when the top 1 to 2 inches of soil is dry.<br />It's important not to let the soil become waterlogged, as this can lead to root rot.",
    "img": "plant_img/2.jpg"
  },
  "3": {
    "name": "Bird of Paradise",
    "air_temp_low": "18",
    "air_temp_high": "27",
    "air_humidity_low": "40",
    "air_humidity_high": "60",
    "soil_humidity": "Allow the top 1 to 2 inches of soil to dry out before watering.<br />Water the plant thoroughly but avoid letting it sit in water.<br />Outdoor plants may require more frequent watering during hot, dry periods.",
    "img": "plant_img/3.jpg"
  },
  "4": {
    "name": "Succulents and Cacti",
    "air_temp_low": "21",
    "air_temp_high": "32",
    "air_humidity_low": "10",
    "air_humidity_high": "40",
    "soil_humidity": "Allow the soil to dry out completely between watering.<br />Water sparingly and avoid overwatering, as these plants are adapted to store water in their leaves and stems.",
    "img": "plant_img/4.jpg"
  },
  "5": {
    "name": "Jacaranda",
    "air_temp_low": "21",
    "air_temp_high": "32",
    "air_humidity_low": "null",
    "air_humidity_high": "null",
    "soil_humidity": "Water deeply when the top 2 to 3 inches of soil feels dry.<br />During the growing season, regular watering is essential, especially for newly planted trees.",
    "img": "plant_img/5.jpg"
  },
  "6": {
    "name": "Little Ollie",
    "air_temp_low": "15",
    "air_temp_high": "27",
    "air_humidity_low": "null",
    "air_humidity_high": "null",
    "soil_humidity": "Allow the top 1 to 2 inches of soil to dry out before watering.<br />Water deeply but infrequently, allowing the soil to dry out between watering sessions.",
    "img": "plant_img/6.jpg"
  },
  "7": {
    "name": "Lavender",
    "air_temp_low": "21",
    "air_temp_high": "32",
    "air_humidity_low": "40",
    "air_humidity_high": "60",
    "soil_humidity": "Allow the top 1 to 2 inches of soil to dry out before watering.<br />Water deeply but infrequently, and avoid keeping the soil consistently wet. ",
    "img": "plant_img/7.jpg"
  },
  "8": {
    "name": "California Poppy",
    "air_temp_low": "15",
    "air_temp_high": "24",
    "air_humidity_low": "null",
    "air_humidity_high": "null",
    "soil_humidity": "Well-suited to drier conditions.<br />Water sparingly and allow the soil to dry out between watering sessions.",
    "img": "plant_img/8.jpg"
  },
  "9": {
    "name": "Australian Tea Tree",
    "air_temp_low": "15",
    "air_temp_high": "27",
    "air_humidity_low": "null",
    "air_humidity_high": "null",
    "soil_humidity": "Allow the top 1 to 2 inches of soil to dry out before watering.<br />Water deeply but infrequently, especially during hot and dry periods.",
    "img": "plant_img/9.jpg"
  },
  "10": {
    "name": "Aeoniums",
    "air_temp_low": "15",
    "air_temp_high": "27",
    "air_humidity_low": "null",
    "air_humidity_high": "null",
    "soil_humidity": "Allow the top 1 to 2 inches of soil to dry out before watering.<br />Aeoniums prefer soil that is kept moderately moist during the growing season (spring and fall).<br />During the dormant period in summer and winter, reduce watering.",
    "img": "plant_img/10.jpg"
  }
}
